Model,NSE
hybrid,0.8839266617042888
common,0.7737515127501459
